customername,totalvisityear,lastvisitday,lastvisitmonth,lastvisitweekday,lastvisitdate,previousvisitday,previousvisitmonth,previousvisitweekday,previousvisitdate,visits_in_month
cus1,35,Friday,1,4,24-01-2025,Saturday,12,5,21-12-2024,3
cus2,55,Tuesday,4,1,15-04-2025,Monday,3,0,03-03-2025,4
cus3,38,Thursday,4,3,17-04-2025,Monday,2,0,24-02-2025,4
cus4,84,Monday,4,0,14-04-2025,Saturday,3,5,15-03-2025,6
cus5,56,Wednesday,5,2,14-05-2025,Friday,4,4,25-04-2025,8
cus6,96,Friday,2,4,21-02-2025,Sunday,12,6,29-12-2024,10
cus7,38,Saturday,4,5,26-04-2025,Saturday,3,5,01-03-2025,9
cus8,75,Wednesday,5,2,14-05-2025,Friday,3,4,21-03-2025,6
cus9,21,Tuesday,3,1,11-03-2025,Wednesday,1,2,22-01-2025,8
cus10,25,Wednesday,5,2,14-05-2025,Thursday,4,3,24-04-2025,3
cus11,8,Saturday,1,5,25-01-2025,Friday,11,4,29-11-2024,8
cus12,34,Wednesday,1,2,22-01-2025,Friday,12,4,13-12-2024,5
cus13,31,Sunday,3,6,02-03-2025,Friday,1,4,31-01-2025,1
cus14,82,Tuesday,3,1,18-03-2025,Sunday,2,6,23-02-2025,2
cus15,64,Sunday,4,6,20-04-2025,Friday,4,4,04-04-2025,7
cus16,27,Monday,5,0,12-05-2025,Saturday,3,5,29-03-2025,6
cus17,49,Saturday,2,5,15-02-2025,Wednesday,1,2,01-01-2025,4
cus18,48,Sunday,3,6,23-03-2025,Monday,3,0,10-03-2025,2
cus19,64,Sunday,4,6,06-04-2025,Saturday,2,5,08-02-2025,1
cus20,8,Wednesday,1,2,08-01-2025,Sunday,11,6,10-11-2024,8
cus21,7,Friday,1,4,24-01-2025,Saturday,1,5,11-01-2025,7
cus22,31,Monday,3,0,03-03-2025,Saturday,2,5,15-02-2025,10
cus23,91,Sunday,5,6,18-05-2025,Sunday,4,6,27-04-2025,6
cus24,6,Wednesday,1,2,15-01-2025,Sunday,11,6,17-11-2024,7
cus25,37,Thursday,3,3,20-03-2025,Sunday,2,6,16-02-2025,10
cus26,34,Saturday,1,5,04-01-2025,Saturday,12,5,21-12-2024,3
cus27,88,Thursday,1,3,09-01-2025,Tuesday,11,1,19-11-2024,4
cus28,26,Tuesday,3,1,18-03-2025,Saturday,2,5,08-02-2025,8
cus29,98,Thursday,3,3,27-03-2025,Friday,1,4,31-01-2025,10
cus30,97,Thursday,4,3,17-04-2025,Tuesday,2,1,18-02-2025,9
cus31,82,Thursday,4,3,10-04-2025,Tuesday,3,1,04-03-2025,2
cus32,12,Thursday,5,3,22-05-2025,Monday,5,0,12-05-2025,7
cus33,96,Wednesday,1,2,15-01-2025,Wednesday,1,2,01-01-2025,8
cus34,28,Wednesday,3,2,05-03-2025,Tuesday,1,1,28-01-2025,10
cus35,54,Tuesday,1,1,14-01-2025,Monday,12,0,02-12-2024,5
cus36,64,Sunday,1,6,05-01-2025,Tuesday,11,1,26-11-2024,1
cus37,30,Saturday,2,5,15-02-2025,Thursday,1,3,23-01-2025,8
cus38,98,Friday,3,4,07-03-2025,Thursday,1,3,16-01-2025,6
cus39,47,Sunday,5,6,18-05-2025,Wednesday,4,2,02-04-2025,6
cus40,56,Friday,1,4,17-01-2025,Saturday,12,5,14-12-2024,3
cus41,34,Saturday,5,5,10-05-2025,Thursday,3,3,27-03-2025,7
cus42,98,Tuesday,2,1,11-02-2025,Sunday,1,6,19-01-2025,5
cus43,67,Monday,2,0,24-02-2025,Friday,1,4,17-01-2025,1
cus44,79,Monday,2,0,24-02-2025,Wednesday,1,2,15-01-2025,5
cus45,64,Tuesday,5,1,27-05-2025,Saturday,5,5,17-05-2025,9
cus46,75,Thursday,1,3,23-01-2025,Friday,12,4,13-12-2024,4
cus47,60,Monday,1,0,20-01-2025,Friday,12,4,06-12-2024,7
cus48,45,Thursday,3,3,27-03-2025,Monday,1,0,27-01-2025,3
cus49,16,Friday,3,4,21-03-2025,Sunday,2,6,23-02-2025,7
cus50,57,Saturday,4,5,19-04-2025,Monday,3,0,31-03-2025,5
cus51,70,Sunday,5,6,25-05-2025,Tuesday,4,1,22-04-2025,6
cus52,15,Monday,3,0,03-03-2025,Saturday,2,5,01-02-2025,1
cus53,48,Friday,3,4,14-03-2025,Sunday,2,6,16-02-2025,3
cus54,11,Sunday,2,6,02-02-2025,Wednesday,12,2,18-12-2024,6
cus55,25,Friday,4,4,18-04-2025,Sunday,3,6,02-03-2025,1
cus56,14,Sunday,1,6,12-01-2025,Saturday,12,5,07-12-2024,9
cus57,15,Monday,1,0,20-01-2025,Saturday,11,5,23-11-2024,5
cus58,59,Friday,4,4,04-04-2025,Monday,3,0,03-03-2025,1
cus59,37,Sunday,4,6,20-04-2025,Monday,3,0,31-03-2025,4
cus60,94,Friday,3,4,14-03-2025,Sunday,2,6,09-02-2025,5
cus61,9,Saturday,4,5,26-04-2025,Saturday,3,5,01-03-2025,10
cus62,87,Sunday,3,6,09-03-2025,Saturday,2,5,15-02-2025,8
cus63,87,Friday,5,4,02-05-2025,Wednesday,4,2,23-04-2025,7
cus64,100,Tuesday,4,1,22-04-2025,Monday,3,0,31-03-2025,3
cus65,84,Tuesday,5,1,13-05-2025,Saturday,3,5,22-03-2025,10
cus66,26,Wednesday,4,2,16-04-2025,Friday,3,4,14-03-2025,10
cus67,37,Tuesday,3,1,18-03-2025,Saturday,1,5,18-01-2025,4
cus68,78,Tuesday,3,1,11-03-2025,Saturday,1,5,25-01-2025,1
cus69,31,Saturday,4,5,12-04-2025,Monday,3,0,03-03-2025,6
cus70,43,Friday,2,4,21-02-2025,Sunday,2,6,02-02-2025,8
cus71,67,Saturday,2,5,08-02-2025,Thursday,1,3,09-01-2025,10
cus72,57,Sunday,5,6,04-05-2025,Friday,4,4,25-04-2025,5
cus73,27,Wednesday,5,2,21-05-2025,Monday,4,0,28-04-2025,8
cus74,75,Saturday,1,5,25-01-2025,Sunday,12,6,08-12-2024,1
cus75,8,Saturday,5,5,17-05-2025,Thursday,3,3,20-03-2025,2
cus76,55,Tuesday,4,1,01-04-2025,Thursday,3,3,13-03-2025,3
cus77,48,Saturday,5,5,03-05-2025,Sunday,3,6,09-03-2025,1
cus78,6,Tuesday,1,1,28-01-2025,Saturday,12,5,14-12-2024,3
cus79,20,Thursday,2,3,20-02-2025,Thursday,1,3,09-01-2025,10
cus80,15,Monday,3,0,24-03-2025,Thursday,1,3,23-01-2025,5
cus81,68,Thursday,3,3,13-03-2025,Sunday,3,6,02-03-2025,2
cus82,11,Monday,1,0,13-01-2025,Wednesday,12,2,11-12-2024,7
cus83,86,Wednesday,2,2,19-02-2025,Tuesday,1,1,14-01-2025,7
cus84,15,Monday,4,0,07-04-2025,Tuesday,2,1,25-02-2025,4
cus85,21,Saturday,3,5,15-03-2025,Sunday,3,6,02-03-2025,2
cus86,31,Tuesday,3,1,11-03-2025,Thursday,1,3,23-01-2025,6
cus87,58,Thursday,1,3,02-01-2025,Wednesday,12,2,18-12-2024,5
cus88,45,Wednesday,1,2,08-01-2025,Wednesday,12,2,04-12-2024,2
cus89,32,Monday,1,0,27-01-2025,Sunday,12,6,15-12-2024,6
cus90,6,Friday,3,4,07-03-2025,Tuesday,2,1,04-02-2025,6
cus91,86,Tuesday,3,1,11-03-2025,Monday,1,0,27-01-2025,2
cus92,38,Tuesday,5,1,13-05-2025,Tuesday,3,1,18-03-2025,2
cus93,68,Friday,1,4,03-01-2025,Tuesday,12,1,03-12-2024,4
cus94,51,Saturday,4,5,12-04-2025,Thursday,2,3,20-02-2025,4
cus95,60,Sunday,2,6,09-02-2025,Wednesday,1,2,22-01-2025,2
cus96,89,Tuesday,5,1,20-05-2025,Monday,4,0,14-04-2025,1
cus97,77,Friday,1,4,24-01-2025,Sunday,12,6,08-12-2024,7
cus98,27,Saturday,3,5,15-03-2025,Saturday,2,5,15-02-2025,5
cus99,68,Thursday,5,3,15-05-2025,Tuesday,5,1,06-05-2025,8
cus100,37,Wednesday,3,2,05-03-2025,Sunday,2,6,09-02-2025,7
cus101,68,Thursday,3,3,27-03-2025,Sunday,2,6,16-02-2025,9
cus102,60,Monday,5,0,26-05-2025,Wednesday,4,2,09-04-2025,10
cus103,12,Saturday,1,5,11-01-2025,Friday,11,4,22-11-2024,2
cus104,32,Thursday,4,3,24-04-2025,Sunday,4,6,13-04-2025,7
cus105,20,Friday,3,4,14-03-2025,Tuesday,2,1,11-02-2025,3
cus106,84,Friday,1,4,24-01-2025,Thursday,11,3,28-11-2024,1
cus107,91,Sunday,1,6,26-01-2025,Thursday,11,3,28-11-2024,2
cus108,11,Monday,5,0,26-05-2025,Monday,4,0,07-04-2025,8
cus109,83,Monday,2,0,10-02-2025,Thursday,12,3,12-12-2024,5
cus110,82,Monday,3,0,17-03-2025,Sunday,2,6,02-02-2025,8
cus111,36,Monday,1,0,06-01-2025,Friday,11,4,29-11-2024,9
cus112,34,Wednesday,4,2,09-04-2025,Sunday,2,6,23-02-2025,9
cus113,11,Monday,5,0,19-05-2025,Thursday,4,3,17-04-2025,4
cus114,96,Tuesday,3,1,04-03-2025,Tuesday,1,1,07-01-2025,5
cus115,92,Thursday,3,3,20-03-2025,Tuesday,1,1,28-01-2025,7
cus116,44,Sunday,4,6,06-04-2025,Friday,2,4,21-02-2025,5
cus117,82,Friday,1,4,24-01-2025,Monday,12,0,16-12-2024,9
cus118,93,Thursday,2,3,27-02-2025,Tuesday,12,1,31-12-2024,3
cus119,65,Saturday,4,5,05-04-2025,Thursday,3,3,06-03-2025,6
cus120,30,Saturday,2,5,01-02-2025,Thursday,12,3,05-12-2024,3
cus121,73,Monday,1,0,27-01-2025,Monday,12,0,30-12-2024,1
cus122,86,Tuesday,3,1,04-03-2025,Wednesday,1,2,15-01-2025,1
cus123,35,Saturday,2,5,22-02-2025,Tuesday,1,1,21-01-2025,1
cus124,78,Monday,1,0,27-01-2025,Monday,1,0,20-01-2025,5
cus125,97,Wednesday,4,2,23-04-2025,Thursday,4,3,10-04-2025,10
cus126,21,Friday,4,4,25-04-2025,Tuesday,3,1,18-03-2025,1
cus127,70,Tuesday,5,1,20-05-2025,Saturday,3,5,29-03-2025,2
cus128,45,Saturday,5,5,24-05-2025,Saturday,4,5,26-04-2025,8
cus129,99,Monday,2,0,24-02-2025,Sunday,1,6,12-01-2025,5
cus130,78,Friday,3,4,14-03-2025,Thursday,2,3,27-02-2025,9
cus131,9,Wednesday,3,2,19-03-2025,Tuesday,2,1,11-02-2025,2
cus132,32,Friday,2,4,28-02-2025,Sunday,1,6,26-01-2025,7
cus133,76,Monday,2,0,10-02-2025,Friday,12,4,20-12-2024,5
cus134,25,Thursday,2,3,27-02-2025,Thursday,1,3,16-01-2025,6
cus135,28,Tuesday,2,1,18-02-2025,Friday,12,4,20-12-2024,10
cus136,15,Friday,5,4,02-05-2025,Saturday,4,5,05-04-2025,2
cus137,50,Wednesday,4,2,09-04-2025,Friday,2,4,28-02-2025,6
cus138,52,Tuesday,5,1,27-05-2025,Saturday,3,5,29-03-2025,9
cus139,46,Monday,3,0,17-03-2025,Monday,2,0,17-02-2025,7
cus140,97,Wednesday,2,2,12-02-2025,Monday,12,0,23-12-2024,1
cus141,16,Monday,2,0,10-02-2025,Wednesday,1,2,22-01-2025,2
cus142,46,Monday,2,0,10-02-2025,Saturday,12,5,14-12-2024,2
cus143,61,Saturday,3,5,15-03-2025,Thursday,2,3,13-02-2025,5
cus144,68,Saturday,3,5,01-03-2025,Friday,1,4,03-01-2025,10
cus145,60,Wednesday,1,2,15-01-2025,Monday,11,0,18-11-2024,9
cus146,72,Thursday,1,3,09-01-2025,Monday,11,0,25-11-2024,2
cus147,32,Friday,1,4,24-01-2025,Monday,1,0,13-01-2025,4
cus148,70,Tuesday,5,1,13-05-2025,Wednesday,4,2,02-04-2025,3
cus149,45,Tuesday,3,1,25-03-2025,Tuesday,2,1,04-02-2025,3
cus150,31,Friday,1,4,24-01-2025,Sunday,12,6,22-12-2024,4
cus151,19,Monday,1,0,13-01-2025,Sunday,1,6,05-01-2025,4
cus152,92,Thursday,2,3,20-02-2025,Saturday,1,5,18-01-2025,5
cus153,90,Wednesday,2,2,26-02-2025,Tuesday,2,1,11-02-2025,4
cus154,59,Thursday,1,3,16-01-2025,Saturday,11,5,23-11-2024,6
cus155,100,Saturday,3,5,01-03-2025,Tuesday,1,1,21-01-2025,9
cus156,43,Wednesday,3,2,19-03-2025,Monday,1,0,20-01-2025,1
cus157,16,Saturday,4,5,19-04-2025,Saturday,4,5,12-04-2025,7
cus158,8,Saturday,3,5,22-03-2025,Tuesday,1,1,28-01-2025,2
cus159,75,Tuesday,2,1,04-02-2025,Saturday,1,5,04-01-2025,9
cus160,83,Wednesday,4,2,23-04-2025,Wednesday,3,2,19-03-2025,7
cus161,10,Monday,5,0,05-05-2025,Thursday,3,3,27-03-2025,4
cus162,80,Sunday,5,6,04-05-2025,Saturday,3,5,08-03-2025,5
cus163,17,Tuesday,2,1,18-02-2025,Friday,1,4,24-01-2025,4
cus164,11,Wednesday,4,2,02-04-2025,Tuesday,2,1,04-02-2025,7
cus165,48,Saturday,4,5,26-04-2025,Thursday,3,3,20-03-2025,5
cus166,35,Friday,5,4,02-05-2025,Wednesday,4,2,23-04-2025,9
cus167,25,Saturday,1,5,18-01-2025,Tuesday,11,1,26-11-2024,10
cus168,82,Saturday,5,5,10-05-2025,Sunday,4,6,20-04-2025,3
cus169,33,Sunday,3,6,02-03-2025,Saturday,2,5,01-02-2025,10
cus170,36,Saturday,3,5,08-03-2025,Tuesday,2,1,25-02-2025,10
cus171,48,Saturday,1,5,04-01-2025,Thursday,11,3,28-11-2024,9
cus172,63,Sunday,2,6,16-02-2025,Saturday,12,5,28-12-2024,2
cus173,14,Friday,1,4,10-01-2025,Monday,11,0,18-11-2024,3
cus174,76,Monday,1,0,13-01-2025,Tuesday,12,1,24-12-2024,4
cus175,51,Tuesday,4,1,22-04-2025,Saturday,3,5,08-03-2025,8
cus176,25,Sunday,5,6,18-05-2025,Tuesday,4,1,22-04-2025,2
cus177,39,Thursday,3,3,20-03-2025,Monday,2,0,24-02-2025,8
cus178,91,Saturday,5,5,03-05-2025,Sunday,3,6,23-03-2025,8
cus179,46,Thursday,4,3,17-04-2025,Wednesday,4,2,09-04-2025,6
cus180,30,Wednesday,4,2,09-04-2025,Thursday,2,3,13-02-2025,8
cus181,29,Monday,4,0,21-04-2025,Tuesday,3,1,25-03-2025,2
cus182,19,Tuesday,5,1,06-05-2025,Saturday,3,5,29-03-2025,3
cus183,100,Monday,1,0,20-01-2025,Saturday,11,5,30-11-2024,10
cus184,88,Tuesday,2,1,18-02-2025,Saturday,1,5,25-01-2025,5
cus185,26,Friday,3,4,21-03-2025,Monday,2,0,10-02-2025,10
cus186,76,Thursday,2,3,06-02-2025,Thursday,1,3,16-01-2025,6
cus187,22,Monday,4,0,07-04-2025,Sunday,3,6,09-03-2025,2
cus188,95,Thursday,4,3,24-04-2025,Thursday,4,3,03-04-2025,6
cus189,56,Thursday,2,3,20-02-2025,Wednesday,1,2,08-01-2025,10
cus190,44,Thursday,4,3,03-04-2025,Saturday,3,5,22-03-2025,5
cus191,32,Wednesday,3,2,12-03-2025,Monday,1,0,27-01-2025,10
cus192,77,Thursday,4,3,24-04-2025,Tuesday,3,1,18-03-2025,2
cus193,63,Tuesday,5,1,20-05-2025,Tuesday,4,1,08-04-2025,6
cus194,35,Saturday,3,5,08-03-2025,Tuesday,1,1,14-01-2025,9
cus195,51,Tuesday,1,1,28-01-2025,Monday,12,0,30-12-2024,9
cus196,14,Monday,4,0,14-04-2025,Friday,3,4,28-03-2025,5
cus197,84,Wednesday,2,2,19-02-2025,Tuesday,1,1,21-01-2025,1
cus198,96,Sunday,5,6,25-05-2025,Thursday,5,3,01-05-2025,3
cus199,17,Friday,1,4,10-01-2025,Sunday,12,6,29-12-2024,2
cus200,77,Monday,5,0,12-05-2025,Wednesday,4,2,16-04-2025,10
cus201,13,Thursday,2,3,06-02-2025,Tuesday,12,1,17-12-2024,9
cus202,26,Monday,4,0,21-04-2025,Friday,3,4,28-03-2025,1
cus203,34,Thursday,4,3,10-04-2025,Saturday,3,5,22-03-2025,9
cus204,19,Sunday,2,6,02-02-2025,Thursday,1,3,23-01-2025,4
cus205,89,Saturday,3,5,15-03-2025,Thursday,2,3,13-02-2025,6
cus206,11,Saturday,4,5,26-04-2025,Wednesday,4,2,16-04-2025,7
cus207,100,Saturday,1,5,11-01-2025,Sunday,11,6,17-11-2024,8
cus208,31,Monday,5,0,12-05-2025,Friday,4,4,11-04-2025,1
cus209,56,Monday,4,0,14-04-2025,Saturday,3,5,29-03-2025,2
cus210,71,Tuesday,1,1,07-01-2025,Friday,11,4,08-11-2024,5
cus211,66,Sunday,4,6,20-04-2025,Thursday,3,3,06-03-2025,8
cus212,6,Tuesday,4,1,01-04-2025,Friday,2,4,28-02-2025,10
cus213,99,Sunday,2,6,23-02-2025,Wednesday,1,2,29-01-2025,8
cus214,41,Tuesday,4,1,15-04-2025,Friday,2,4,21-02-2025,3
cus215,50,Saturday,1,5,04-01-2025,Tuesday,11,1,26-11-2024,8
cus216,18,Monday,2,0,03-02-2025,Wednesday,12,2,11-12-2024,5
cus217,54,Sunday,5,6,04-05-2025,Tuesday,4,1,08-04-2025,3
cus218,70,Wednesday,1,2,15-01-2025,Tuesday,12,1,03-12-2024,2
cus219,94,Monday,5,0,26-05-2025,Saturday,4,5,19-04-2025,9
cus220,11,Friday,3,4,28-03-2025,Thursday,2,3,13-02-2025,7
cus221,51,Tuesday,3,1,04-03-2025,Tuesday,2,1,11-02-2025,8
cus222,97,Tuesday,2,1,04-02-2025,Sunday,1,6,12-01-2025,4
cus223,88,Friday,3,4,28-03-2025,Monday,3,0,03-03-2025,10
cus224,10,Sunday,1,6,19-01-2025,Thursday,1,3,09-01-2025,3
cus225,66,Tuesday,2,1,25-02-2025,Friday,1,4,17-01-2025,2
cus226,57,Saturday,3,5,08-03-2025,Friday,1,4,24-01-2025,4
cus227,89,Sunday,5,6,11-05-2025,Sunday,5,6,04-05-2025,7
cus228,18,Monday,3,0,17-03-2025,Saturday,1,5,18-01-2025,2
cus229,65,Friday,5,4,02-05-2025,Sunday,3,6,23-03-2025,3
cus230,5,Thursday,5,3,22-05-2025,Tuesday,3,1,25-03-2025,4
cus231,65,Sunday,5,6,18-05-2025,Tuesday,3,1,25-03-2025,3
cus232,29,Thursday,5,3,15-05-2025,Wednesday,4,2,23-04-2025,9
cus233,69,Monday,5,0,05-05-2025,Saturday,4,5,12-04-2025,2
cus234,90,Friday,3,4,14-03-2025,Monday,2,0,17-02-2025,3
cus235,70,Thursday,5,3,01-05-2025,Sunday,4,6,06-04-2025,6
cus236,75,Thursday,4,3,24-04-2025,Friday,4,4,11-04-2025,1
cus237,87,Monday,4,0,21-04-2025,Thursday,2,3,27-02-2025,8
cus238,17,Tuesday,2,1,11-02-2025,Friday,1,4,10-01-2025,8
cus239,53,Friday,2,4,21-02-2025,Friday,1,4,03-01-2025,8
cus240,26,Saturday,3,5,15-03-2025,Thursday,2,3,13-02-2025,1
cus241,91,Thursday,4,3,17-04-2025,Saturday,4,5,05-04-2025,10
cus242,99,Saturday,4,5,05-04-2025,Sunday,2,6,16-02-2025,5
cus243,9,Wednesday,2,2,19-02-2025,Saturday,2,5,08-02-2025,2
cus244,14,Saturday,2,5,22-02-2025,Thursday,1,3,02-01-2025,9
cus245,39,Sunday,4,6,06-04-2025,Wednesday,3,2,12-03-2025,7
cus246,49,Saturday,3,5,08-03-2025,Tuesday,2,1,25-02-2025,1
cus247,96,Wednesday,4,2,23-04-2025,Saturday,3,5,29-03-2025,6
cus248,40,Friday,5,4,09-05-2025,Thursday,3,3,13-03-2025,5
cus249,73,Wednesday,5,2,21-05-2025,Wednesday,4,2,30-04-2025,8
cus250,94,Thursday,5,3,08-05-2025,Wednesday,4,2,09-04-2025,3
cus251,85,Wednesday,2,2,19-02-2025,Tuesday,2,1,04-02-2025,10
cus252,73,Saturday,5,5,24-05-2025,Friday,5,4,02-05-2025,6
cus253,50,Saturday,2,5,01-02-2025,Tuesday,12,1,17-12-2024,5
cus254,97,Sunday,1,6,05-01-2025,Friday,12,4,27-12-2024,6
cus255,74,Monday,3,0,24-03-2025,Thursday,3,3,06-03-2025,7
cus256,91,Saturday,2,5,15-02-2025,Thursday,12,3,19-12-2024,7
cus257,76,Saturday,3,5,01-03-2025,Saturday,1,5,04-01-2025,6
cus258,22,Wednesday,1,2,01-01-2025,Sunday,11,6,10-11-2024,2
cus259,60,Monday,3,0,24-03-2025,Monday,2,0,24-02-2025,6
cus260,53,Tuesday,2,1,25-02-2025,Sunday,1,6,12-01-2025,8
cus261,70,Wednesday,4,2,23-04-2025,Wednesday,3,2,26-03-2025,4
cus262,71,Tuesday,4,1,15-04-2025,Monday,4,0,07-04-2025,5
cus263,13,Friday,5,4,09-05-2025,Tuesday,3,1,18-03-2025,4
cus264,84,Monday,4,0,14-04-2025,Sunday,3,6,09-03-2025,6
cus265,41,Friday,1,4,03-01-2025,Monday,11,0,18-11-2024,5
cus266,22,Thursday,3,3,13-03-2025,Tuesday,2,1,04-02-2025,1
cus267,79,Sunday,5,6,18-05-2025,Friday,3,4,28-03-2025,5
cus268,60,Thursday,5,3,22-05-2025,Thursday,3,3,27-03-2025,9
cus269,57,Saturday,2,5,01-02-2025,Monday,1,0,13-01-2025,4
cus270,14,Friday,2,4,14-02-2025,Friday,1,4,17-01-2025,5
cus271,47,Sunday,5,6,11-05-2025,Thursday,4,3,24-04-2025,3
cus272,65,Saturday,3,5,01-03-2025,Saturday,2,5,08-02-2025,10
cus273,9,Sunday,5,6,04-05-2025,Friday,4,4,25-04-2025,9
cus274,39,Wednesday,5,2,14-05-2025,Monday,4,0,14-04-2025,10
cus275,33,Tuesday,5,1,20-05-2025,Friday,5,4,02-05-2025,8
cus276,30,Friday,3,4,28-03-2025,Friday,2,4,07-02-2025,9
cus277,89,Sunday,1,6,26-01-2025,Sunday,1,6,19-01-2025,3
cus278,63,Wednesday,3,2,12-03-2025,Monday,2,0,17-02-2025,6
cus279,84,Saturday,2,5,15-02-2025,Friday,1,4,10-01-2025,1
cus280,9,Wednesday,5,2,07-05-2025,Friday,3,4,21-03-2025,5
cus281,67,Monday,4,0,07-04-2025,Thursday,2,3,13-02-2025,9
cus282,59,Thursday,4,3,17-04-2025,Friday,2,4,21-02-2025,3
cus283,28,Sunday,5,6,04-05-2025,Sunday,3,6,09-03-2025,3
cus284,42,Monday,3,0,24-03-2025,Friday,2,4,21-02-2025,4
cus285,12,Thursday,4,3,10-04-2025,Tuesday,2,1,18-02-2025,7
cus286,25,Friday,5,4,16-05-2025,Friday,3,4,28-03-2025,1
cus287,63,Tuesday,4,1,01-04-2025,Friday,2,4,14-02-2025,4
cus288,45,Friday,3,4,14-03-2025,Tuesday,2,1,18-02-2025,2
cus289,7,Thursday,3,3,06-03-2025,Sunday,1,6,05-01-2025,10
cus290,57,Monday,5,0,26-05-2025,Friday,4,4,18-04-2025,1
cus291,60,Tuesday,5,1,27-05-2025,Tuesday,4,1,08-04-2025,10
cus292,34,Friday,4,4,18-04-2025,Saturday,3,5,08-03-2025,3
cus293,44,Saturday,5,5,24-05-2025,Monday,4,0,21-04-2025,6
cus294,86,Saturday,5,5,10-05-2025,Saturday,5,5,03-05-2025,5
cus295,89,Tuesday,5,1,27-05-2025,Saturday,5,5,03-05-2025,9
cus296,52,Tuesday,2,1,18-02-2025,Friday,1,4,10-01-2025,10
cus297,53,Friday,4,4,18-04-2025,Saturday,4,5,05-04-2025,8
cus298,57,Thursday,2,3,06-02-2025,Tuesday,1,1,14-01-2025,1
cus299,23,Saturday,5,5,03-05-2025,Wednesday,3,2,26-03-2025,9
cus300,43,Wednesday,4,2,16-04-2025,Sunday,3,6,30-03-2025,9
cus301,65,Wednesday,5,2,28-05-2025,Monday,3,0,31-03-2025,10
cus302,37,Saturday,3,5,22-03-2025,Sunday,2,6,09-02-2025,3
cus303,7,Tuesday,4,1,08-04-2025,Sunday,3,6,30-03-2025,9
cus304,23,Monday,2,0,24-02-2025,Wednesday,2,2,12-02-2025,1
cus305,58,Monday,2,0,03-02-2025,Friday,12,4,27-12-2024,8
cus306,100,Thursday,5,3,15-05-2025,Wednesday,3,2,19-03-2025,4
cus307,39,Sunday,5,6,04-05-2025,Friday,3,4,28-03-2025,3
cus308,56,Sunday,4,6,06-04-2025,Friday,3,4,28-03-2025,4
cus309,31,Tuesday,5,1,06-05-2025,Wednesday,4,2,02-04-2025,9
cus310,95,Sunday,5,6,11-05-2025,Wednesday,4,2,02-04-2025,7
cus311,10,Thursday,4,3,17-04-2025,Tuesday,3,1,25-03-2025,3
cus312,48,Monday,2,0,03-02-2025,Thursday,1,3,02-01-2025,4
cus313,56,Monday,1,0,27-01-2025,Friday,12,4,27-12-2024,8
cus314,50,Saturday,2,5,22-02-2025,Tuesday,1,1,14-01-2025,2
cus315,99,Wednesday,4,2,02-04-2025,Tuesday,3,1,25-03-2025,4
cus316,12,Friday,5,4,23-05-2025,Monday,5,0,12-05-2025,8
cus317,66,Monday,3,0,17-03-2025,Friday,2,4,14-02-2025,9
cus318,34,Wednesday,3,2,19-03-2025,Saturday,2,5,01-02-2025,8
cus319,10,Wednesday,2,2,19-02-2025,Tuesday,1,1,21-01-2025,6
cus320,41,Wednesday,2,2,05-02-2025,Friday,12,4,27-12-2024,1
cus321,61,Sunday,5,6,25-05-2025,Sunday,5,6,04-05-2025,7
cus322,68,Sunday,1,6,05-01-2025,Wednesday,12,2,18-12-2024,7
cus323,12,Wednesday,5,2,28-05-2025,Friday,4,4,18-04-2025,2
cus324,23,Wednesday,2,2,19-02-2025,Monday,12,0,23-12-2024,7
cus325,70,Wednesday,5,2,21-05-2025,Tuesday,4,1,22-04-2025,4
cus326,66,Friday,4,4,11-04-2025,Thursday,3,3,20-03-2025,4
cus327,80,Thursday,5,3,15-05-2025,Friday,4,4,25-04-2025,5
cus328,96,Friday,1,4,10-01-2025,Thursday,12,3,05-12-2024,10
cus329,63,Friday,1,4,03-01-2025,Saturday,11,5,16-11-2024,3
cus330,80,Wednesday,1,2,08-01-2025,Friday,12,4,13-12-2024,3
cus331,66,Monday,1,0,27-01-2025,Friday,12,4,06-12-2024,5
cus332,45,Thursday,1,3,16-01-2025,Friday,11,4,29-11-2024,3
cus333,90,Thursday,2,3,27-02-2025,Friday,1,4,17-01-2025,5
cus334,82,Thursday,3,3,27-03-2025,Monday,2,0,03-02-2025,8
cus335,27,Wednesday,4,2,02-04-2025,Tuesday,2,1,11-02-2025,6
cus336,7,Wednesday,1,2,08-01-2025,Saturday,12,5,28-12-2024,9
cus337,10,Thursday,4,3,17-04-2025,Saturday,3,5,22-03-2025,7
cus338,8,Monday,2,0,17-02-2025,Wednesday,12,2,25-12-2024,4
cus339,46,Saturday,5,5,03-05-2025,Friday,4,4,18-04-2025,3
cus340,80,Monday,4,0,21-04-2025,Thursday,3,3,27-03-2025,6
cus341,75,Sunday,2,6,23-02-2025,Sunday,1,6,26-01-2025,9
cus342,48,Friday,2,4,21-02-2025,Tuesday,1,1,07-01-2025,5
cus343,94,Thursday,2,3,20-02-2025,Wednesday,1,2,22-01-2025,3
cus344,23,Tuesday,1,1,21-01-2025,Friday,12,4,06-12-2024,2
cus345,10,Friday,5,4,02-05-2025,Monday,3,0,31-03-2025,1
cus346,94,Tuesday,4,1,01-04-2025,Friday,3,4,14-03-2025,2
cus347,77,Tuesday,3,1,04-03-2025,Friday,1,4,03-01-2025,2
cus348,19,Tuesday,5,1,13-05-2025,Tuesday,4,1,29-04-2025,3
cus349,76,Saturday,5,5,10-05-2025,Sunday,4,6,20-04-2025,4
cus350,45,Tuesday,3,1,04-03-2025,Saturday,2,5,01-02-2025,5
cus351,45,Sunday,1,6,05-01-2025,Thursday,12,3,12-12-2024,2
cus352,96,Thursday,3,3,27-03-2025,Monday,2,0,03-02-2025,2
cus353,29,Sunday,2,6,09-02-2025,Wednesday,1,2,01-01-2025,7
cus354,57,Friday,3,4,21-03-2025,Friday,2,4,28-02-2025,9
cus355,17,Friday,1,4,03-01-2025,Sunday,11,6,10-11-2024,8
cus356,55,Wednesday,3,2,19-03-2025,Friday,3,4,07-03-2025,7
cus357,17,Friday,5,4,02-05-2025,Tuesday,3,1,18-03-2025,7
cus358,90,Tuesday,3,1,25-03-2025,Saturday,1,5,25-01-2025,5
cus359,11,Tuesday,2,1,11-02-2025,Friday,12,4,20-12-2024,6
cus360,67,Monday,1,0,06-01-2025,Saturday,11,5,09-11-2024,4
cus361,17,Thursday,3,3,27-03-2025,Monday,2,0,03-02-2025,10
cus362,21,Friday,1,4,03-01-2025,Monday,12,0,23-12-2024,7
cus363,13,Wednesday,2,2,12-02-2025,Friday,1,4,17-01-2025,8
cus364,12,Friday,4,4,18-04-2025,Sunday,3,6,09-03-2025,7
cus365,27,Monday,2,0,03-02-2025,Wednesday,1,2,15-01-2025,10
cus366,60,Sunday,4,6,06-04-2025,Wednesday,2,2,26-02-2025,6
cus367,34,Sunday,4,6,27-04-2025,Sunday,3,6,16-03-2025,5
cus368,48,Tuesday,3,1,04-03-2025,Thursday,1,3,23-01-2025,6
cus369,85,Tuesday,1,1,28-01-2025,Monday,1,0,20-01-2025,10
cus370,98,Thursday,3,3,20-03-2025,Sunday,3,6,02-03-2025,3
cus371,84,Sunday,4,6,06-04-2025,Wednesday,3,2,05-03-2025,6
cus372,79,Thursday,2,3,13-02-2025,Tuesday,12,1,31-12-2024,10
cus373,53,Sunday,5,6,04-05-2025,Thursday,3,3,20-03-2025,7
cus374,52,Saturday,2,5,08-02-2025,Monday,1,0,20-01-2025,6
cus375,14,Thursday,5,3,08-05-2025,Tuesday,3,1,25-03-2025,10
cus376,36,Thursday,2,3,13-02-2025,Wednesday,12,2,25-12-2024,9
cus377,11,Friday,5,4,16-05-2025,Wednesday,4,2,30-04-2025,2
cus378,31,Tuesday,1,1,14-01-2025,Wednesday,12,2,04-12-2024,6
cus379,7,Sunday,5,6,04-05-2025,Tuesday,4,1,08-04-2025,5
cus380,6,Thursday,4,3,03-04-2025,Thursday,3,3,06-03-2025,5
cus381,25,Wednesday,4,2,09-04-2025,Friday,3,4,21-03-2025,9
cus382,80,Monday,4,0,14-04-2025,Thursday,2,3,27-02-2025,1
cus383,87,Saturday,2,5,22-02-2025,Wednesday,1,2,29-01-2025,10
cus384,57,Sunday,4,6,20-04-2025,Sunday,3,6,23-03-2025,5
cus385,13,Thursday,2,3,06-02-2025,Sunday,1,6,19-01-2025,9
cus386,8,Friday,4,4,18-04-2025,Monday,3,0,03-03-2025,10
cus387,45,Saturday,3,5,01-03-2025,Thursday,2,3,20-02-2025,3
cus388,33,Monday,2,0,10-02-2025,Monday,1,0,20-01-2025,6
cus389,75,Tuesday,1,1,28-01-2025,Tuesday,12,1,31-12-2024,2
cus390,95,Wednesday,4,2,02-04-2025,Thursday,3,3,20-03-2025,10
cus391,17,Sunday,1,6,19-01-2025,Saturday,12,5,21-12-2024,10
cus392,53,Tuesday,5,1,13-05-2025,Sunday,3,6,23-03-2025,10
cus393,49,Monday,3,0,17-03-2025,Sunday,2,6,09-02-2025,9
cus394,90,Saturday,4,5,12-04-2025,Saturday,3,5,15-03-2025,6
cus395,40,Thursday,3,3,13-03-2025,Wednesday,2,2,19-02-2025,4
cus396,79,Wednesday,5,2,14-05-2025,Wednesday,4,2,16-04-2025,10
cus397,29,Sunday,1,6,05-01-2025,Thursday,12,3,19-12-2024,9
cus398,85,Tuesday,3,1,18-03-2025,Friday,1,4,31-01-2025,9
cus399,17,Sunday,2,6,09-02-2025,Tuesday,12,1,31-12-2024,5
cus400,46,Tuesday,5,1,13-05-2025,Saturday,3,5,15-03-2025,1
cus401,59,Saturday,5,5,17-05-2025,Monday,4,0,28-04-2025,5
cus402,7,Sunday,3,6,09-03-2025,Sunday,2,6,16-02-2025,7
cus403,44,Thursday,5,3,01-05-2025,Saturday,3,5,15-03-2025,9
cus404,21,Thursday,3,3,13-03-2025,Friday,2,4,14-02-2025,4
cus405,46,Tuesday,4,1,22-04-2025,Sunday,2,6,23-02-2025,5
cus406,62,Sunday,2,6,02-02-2025,Saturday,1,5,18-01-2025,4
cus407,16,Friday,5,4,23-05-2025,Tuesday,3,1,25-03-2025,2
cus408,75,Friday,3,4,07-03-2025,Thursday,2,3,27-02-2025,7
cus409,84,Tuesday,3,1,04-03-2025,Sunday,1,6,05-01-2025,10
cus410,16,Saturday,5,5,17-05-2025,Friday,4,4,04-04-2025,6
cus411,13,Monday,1,0,20-01-2025,Friday,11,4,29-11-2024,3
cus412,63,Sunday,3,6,02-03-2025,Monday,2,0,03-02-2025,4
cus413,45,Friday,3,4,28-03-2025,Thursday,1,3,30-01-2025,9
cus414,5,Monday,4,0,21-04-2025,Sunday,3,6,30-03-2025,4
cus415,61,Tuesday,2,1,11-02-2025,Monday,1,0,06-01-2025,7
cus416,41,Tuesday,1,1,14-01-2025,Friday,12,4,06-12-2024,7
cus417,19,Wednesday,3,2,05-03-2025,Tuesday,1,1,28-01-2025,4
cus418,67,Friday,4,4,04-04-2025,Sunday,3,6,23-03-2025,9
cus419,45,Sunday,1,6,19-01-2025,Saturday,1,5,04-01-2025,7
cus420,63,Wednesday,5,2,28-05-2025,Wednesday,4,2,16-04-2025,1
cus421,56,Thursday,2,3,27-02-2025,Monday,2,0,17-02-2025,6
cus422,92,Monday,3,0,17-03-2025,Thursday,2,3,13-02-2025,9
cus423,95,Monday,2,0,17-02-2025,Monday,2,0,10-02-2025,10
cus424,92,Tuesday,3,1,04-03-2025,Friday,2,4,14-02-2025,3
cus425,17,Wednesday,2,2,05-02-2025,Saturday,12,5,07-12-2024,9
cus426,10,Tuesday,2,1,11-02-2025,Sunday,12,6,15-12-2024,8
cus427,20,Tuesday,1,1,28-01-2025,Saturday,1,5,04-01-2025,6
cus428,100,Sunday,3,6,09-03-2025,Wednesday,2,2,12-02-2025,5
cus429,80,Tuesday,5,1,13-05-2025,Tuesday,4,1,15-04-2025,2
cus430,65,Monday,3,0,17-03-2025,Wednesday,1,2,29-01-2025,10
cus431,12,Tuesday,4,1,01-04-2025,Wednesday,3,2,12-03-2025,3
cus432,24,Monday,4,0,21-04-2025,Tuesday,3,1,04-03-2025,8
cus433,65,Friday,1,4,10-01-2025,Sunday,12,6,22-12-2024,8
cus434,39,Tuesday,1,1,28-01-2025,Saturday,12,5,28-12-2024,7
cus435,65,Tuesday,5,1,20-05-2025,Friday,4,4,11-04-2025,5
cus436,51,Thursday,3,3,20-03-2025,Saturday,1,5,25-01-2025,9
cus437,98,Wednesday,1,2,22-01-2025,Saturday,1,5,11-01-2025,6
cus438,17,Tuesday,4,1,08-04-2025,Saturday,3,5,22-03-2025,6
cus439,95,Sunday,4,6,27-04-2025,Thursday,4,3,03-04-2025,8
cus440,51,Friday,3,4,07-03-2025,Tuesday,2,1,04-02-2025,6
cus441,58,Wednesday,3,2,19-03-2025,Tuesday,1,1,28-01-2025,5
cus442,74,Sunday,4,6,06-04-2025,Saturday,3,5,15-03-2025,6
cus443,87,Sunday,1,6,19-01-2025,Thursday,12,3,19-12-2024,8
cus444,52,Tuesday,1,1,21-01-2025,Monday,11,0,25-11-2024,10
cus445,27,Monday,4,0,28-04-2025,Saturday,3,5,15-03-2025,3
cus446,46,Friday,3,4,21-03-2025,Thursday,2,3,20-02-2025,7
cus447,94,Tuesday,1,1,21-01-2025,Sunday,12,6,29-12-2024,1
cus448,32,Thursday,5,3,15-05-2025,Thursday,5,3,08-05-2025,3
cus449,5,Wednesday,1,2,08-01-2025,Thursday,12,3,26-12-2024,10
cus450,8,Sunday,5,6,11-05-2025,Wednesday,4,2,09-04-2025,9
cus451,65,Thursday,1,3,23-01-2025,Friday,11,4,29-11-2024,6
cus452,81,Sunday,5,6,11-05-2025,Thursday,4,3,03-04-2025,6
cus453,25,Thursday,1,3,16-01-2025,Friday,12,4,27-12-2024,6
cus454,43,Thursday,4,3,24-04-2025,Friday,4,4,11-04-2025,5
cus455,76,Sunday,1,6,26-01-2025,Monday,12,0,16-12-2024,4
cus456,31,Monday,2,0,03-02-2025,Friday,12,4,06-12-2024,3
cus457,37,Tuesday,3,1,11-03-2025,Wednesday,2,2,05-02-2025,4
cus458,28,Monday,3,0,24-03-2025,Monday,2,0,24-02-2025,7
cus459,94,Friday,2,4,28-02-2025,Monday,1,0,20-01-2025,1
cus460,60,Friday,2,4,14-02-2025,Tuesday,12,1,31-12-2024,10
cus461,44,Thursday,5,3,15-05-2025,Tuesday,3,1,18-03-2025,7
cus462,76,Saturday,3,5,08-03-2025,Saturday,2,5,08-02-2025,10
cus463,26,Saturday,2,5,01-02-2025,Thursday,12,3,26-12-2024,1
cus464,54,Tuesday,3,1,18-03-2025,Monday,3,0,10-03-2025,5
cus465,5,Tuesday,4,1,15-04-2025,Wednesday,3,2,12-03-2025,4
cus466,75,Tuesday,5,1,06-05-2025,Tuesday,4,1,22-04-2025,4
cus467,99,Tuesday,3,1,04-03-2025,Tuesday,1,1,07-01-2025,4
cus468,41,Friday,1,4,10-01-2025,Monday,12,0,16-12-2024,6
cus469,54,Sunday,3,6,23-03-2025,Tuesday,1,1,28-01-2025,4
cus470,82,Saturday,2,5,22-02-2025,Friday,2,4,07-02-2025,8
cus471,78,Friday,4,4,18-04-2025,Sunday,3,6,09-03-2025,1
cus472,36,Tuesday,5,1,06-05-2025,Monday,4,0,07-04-2025,8
cus473,75,Saturday,5,5,24-05-2025,Saturday,4,5,12-04-2025,6
cus474,35,Monday,1,0,27-01-2025,Sunday,12,6,01-12-2024,9
cus475,23,Wednesday,4,2,23-04-2025,Tuesday,3,1,18-03-2025,10
cus476,78,Friday,3,4,21-03-2025,Sunday,2,6,09-02-2025,5
cus477,98,Thursday,3,3,20-03-2025,Saturday,3,5,08-03-2025,3
cus478,22,Thursday,5,3,08-05-2025,Thursday,3,3,13-03-2025,6
cus479,19,Friday,1,4,17-01-2025,Sunday,12,6,29-12-2024,3
cus480,93,Tuesday,4,1,08-04-2025,Sunday,2,6,23-02-2025,8
cus481,31,Sunday,3,6,02-03-2025,Sunday,1,6,19-01-2025,1
cus482,19,Saturday,1,5,11-01-2025,Saturday,11,5,30-11-2024,2
cus483,85,Monday,3,0,10-03-2025,Friday,2,4,21-02-2025,5
cus484,87,Monday,3,0,10-03-2025,Thursday,1,3,23-01-2025,1
cus485,80,Wednesday,5,2,07-05-2025,Tuesday,4,1,29-04-2025,4
cus486,48,Tuesday,4,1,15-04-2025,Sunday,3,6,16-03-2025,2
cus487,45,Wednesday,4,2,09-04-2025,Monday,3,0,24-03-2025,1
cus488,13,Thursday,1,3,09-01-2025,Monday,12,0,30-12-2024,9
cus489,73,Thursday,2,3,20-02-2025,Sunday,1,6,05-01-2025,9
cus490,45,Friday,4,4,04-04-2025,Sunday,2,6,16-02-2025,1
cus491,81,Wednesday,1,2,08-01-2025,Saturday,12,5,21-12-2024,5
cus492,94,Thursday,1,3,09-01-2025,Thursday,11,3,28-11-2024,5
cus493,81,Tuesday,4,1,15-04-2025,Monday,2,0,24-02-2025,8
cus494,51,Monday,5,0,19-05-2025,Wednesday,4,2,23-04-2025,9
cus495,66,Saturday,4,5,12-04-2025,Monday,3,0,17-03-2025,9
cus496,12,Monday,2,0,10-02-2025,Thursday,1,3,16-01-2025,6
cus497,91,Saturday,3,5,08-03-2025,Saturday,1,5,11-01-2025,5
cus498,93,Wednesday,3,2,05-03-2025,Saturday,2,5,01-02-2025,3
cus499,36,Friday,3,4,07-03-2025,Monday,1,0,20-01-2025,6
cus500,84,Sunday,1,6,12-01-2025,Saturday,12,5,21-12-2024,6
cus501,61,Wednesday,1,2,15-01-2025,Tuesday,12,1,17-12-2024,5
cus502,55,Wednesday,5,2,07-05-2025,Saturday,3,5,15-03-2025,10
cus503,16,Friday,3,4,07-03-2025,Saturday,1,5,11-01-2025,2
cus504,12,Thursday,1,3,16-01-2025,Monday,12,0,02-12-2024,2
cus505,33,Wednesday,5,2,07-05-2025,Thursday,3,3,13-03-2025,6
cus506,32,Thursday,4,3,03-04-2025,Saturday,2,5,08-02-2025,2
cus507,25,Monday,5,0,19-05-2025,Wednesday,4,2,02-04-2025,9
cus508,84,Saturday,2,5,15-02-2025,Sunday,1,6,12-01-2025,7
cus509,47,Saturday,3,5,22-03-2025,Tuesday,2,1,11-02-2025,6
cus510,83,Monday,2,0,10-02-2025,Saturday,1,5,25-01-2025,6
cus511,17,Thursday,2,3,13-02-2025,Monday,2,0,03-02-2025,10
cus512,7,Saturday,2,5,01-02-2025,Monday,12,0,30-12-2024,10
cus513,24,Thursday,5,3,08-05-2025,Thursday,4,3,17-04-2025,1
cus514,36,Friday,3,4,28-03-2025,Wednesday,3,2,05-03-2025,6
cus515,87,Friday,5,4,09-05-2025,Saturday,4,5,26-04-2025,3
cus516,57,Sunday,5,6,04-05-2025,Thursday,3,3,20-03-2025,1
cus517,25,Tuesday,3,1,18-03-2025,Sunday,1,6,19-01-2025,2
cus518,23,Wednesday,2,2,12-02-2025,Saturday,1,5,25-01-2025,10
cus519,92,Saturday,3,5,15-03-2025,Saturday,3,5,01-03-2025,8
cus520,16,Wednesday,1,2,15-01-2025,Friday,1,4,03-01-2025,9
cus521,23,Thursday,2,3,13-02-2025,Thursday,12,3,19-12-2024,6
cus522,59,Wednesday,1,2,15-01-2025,Wednesday,12,2,11-12-2024,5
cus523,87,Thursday,2,3,06-02-2025,Thursday,12,3,19-12-2024,5
cus524,29,Saturday,2,5,22-02-2025,Thursday,1,3,09-01-2025,1
cus525,44,Monday,4,0,21-04-2025,Saturday,3,5,29-03-2025,3
cus526,12,Wednesday,4,2,09-04-2025,Saturday,3,5,01-03-2025,4
cus527,94,Tuesday,1,1,07-01-2025,Sunday,12,6,08-12-2024,10
cus528,49,Monday,4,0,14-04-2025,Thursday,3,3,20-03-2025,5
cus529,78,Saturday,3,5,22-03-2025,Saturday,2,5,01-02-2025,3
cus530,85,Thursday,5,3,22-05-2025,Tuesday,5,1,06-05-2025,3
cus531,8,Wednesday,1,2,01-01-2025,Wednesday,12,2,25-12-2024,1
cus532,28,Friday,4,4,18-04-2025,Wednesday,3,2,19-03-2025,1
cus533,78,Monday,3,0,17-03-2025,Sunday,3,6,09-03-2025,1
cus534,85,Tuesday,2,1,11-02-2025,Monday,1,0,27-01-2025,7
cus535,43,Sunday,1,6,19-01-2025,Friday,12,4,13-12-2024,7
cus536,83,Tuesday,1,1,07-01-2025,Friday,11,4,15-11-2024,5
cus537,10,Sunday,5,6,11-05-2025,Wednesday,3,2,19-03-2025,7
cus538,18,Monday,2,0,10-02-2025,Saturday,1,5,04-01-2025,4
cus539,77,Tuesday,1,1,14-01-2025,Tuesday,12,1,10-12-2024,6
cus540,42,Thursday,4,3,17-04-2025,Tuesday,3,1,25-03-2025,5
cus541,29,Wednesday,3,2,12-03-2025,Sunday,3,6,02-03-2025,6
cus542,74,Monday,4,0,21-04-2025,Thursday,2,3,20-02-2025,2
cus543,40,Saturday,5,5,10-05-2025,Friday,4,4,04-04-2025,9
cus544,38,Thursday,4,3,10-04-2025,Monday,2,0,17-02-2025,8
cus545,24,Tuesday,4,1,22-04-2025,Thursday,3,3,20-03-2025,6
cus546,10,Thursday,4,3,03-04-2025,Wednesday,3,2,26-03-2025,7
cus547,36,Tuesday,4,1,22-04-2025,Thursday,2,3,27-02-2025,5
cus548,70,Friday,2,4,14-02-2025,Sunday,12,6,29-12-2024,9
cus549,50,Wednesday,2,2,05-02-2025,Thursday,1,3,23-01-2025,10
cus550,80,Wednesday,2,2,26-02-2025,Tuesday,2,1,11-02-2025,6
cus551,59,Sunday,3,6,09-03-2025,Wednesday,1,2,15-01-2025,1
cus552,47,Monday,1,0,27-01-2025,Wednesday,1,2,08-01-2025,5
cus553,22,Wednesday,1,2,08-01-2025,Tuesday,12,1,24-12-2024,8
cus554,35,Tuesday,5,1,06-05-2025,Thursday,4,3,24-04-2025,8
cus555,14,Saturday,5,5,17-05-2025,Wednesday,3,2,19-03-2025,8
cus556,19,Tuesday,2,1,25-02-2025,Sunday,2,6,09-02-2025,7
cus557,29,Wednesday,1,2,15-01-2025,Thursday,12,3,26-12-2024,1
cus558,64,Tuesday,3,1,11-03-2025,Sunday,1,6,19-01-2025,1
cus559,19,Saturday,4,5,05-04-2025,Sunday,2,6,23-02-2025,4
cus560,38,Tuesday,4,1,15-04-2025,Friday,2,4,28-02-2025,5
cus561,87,Tuesday,5,1,20-05-2025,Sunday,4,6,27-04-2025,6
cus562,99,Wednesday,4,2,09-04-2025,Wednesday,2,2,26-02-2025,4
cus563,11,Thursday,4,3,24-04-2025,Tuesday,3,1,04-03-2025,3
cus564,54,Sunday,4,6,20-04-2025,Tuesday,3,1,18-03-2025,2
cus565,82,Sunday,5,6,18-05-2025,Monday,5,0,05-05-2025,7
cus566,55,Monday,5,0,26-05-2025,Sunday,4,6,13-04-2025,3
cus567,30,Thursday,3,3,27-03-2025,Thursday,2,3,20-02-2025,8
cus568,63,Wednesday,1,2,01-01-2025,Monday,11,0,25-11-2024,3
cus569,52,Sunday,3,6,16-03-2025,Thursday,1,3,30-01-2025,1
cus570,39,Sunday,3,6,02-03-2025,Monday,2,0,17-02-2025,10
cus571,43,Sunday,5,6,18-05-2025,Thursday,4,3,24-04-2025,1
cus572,75,Thursday,2,3,20-02-2025,Monday,12,0,23-12-2024,5
cus573,13,Tuesday,1,1,21-01-2025,Wednesday,11,2,27-11-2024,2
cus574,89,Saturday,5,5,10-05-2025,Monday,4,0,28-04-2025,8
cus575,72,Thursday,1,3,09-01-2025,Friday,12,4,20-12-2024,8
cus576,22,Tuesday,5,1,27-05-2025,Sunday,3,6,30-03-2025,5
cus577,96,Friday,1,4,17-01-2025,Wednesday,1,2,08-01-2025,2
cus578,17,Saturday,1,5,04-01-2025,Tuesday,12,1,17-12-2024,3
cus579,67,Friday,4,4,18-04-2025,Monday,3,0,24-03-2025,3
cus580,81,Thursday,4,3,24-04-2025,Thursday,3,3,13-03-2025,1
cus581,28,Tuesday,2,1,04-02-2025,Saturday,12,5,14-12-2024,1
cus582,90,Sunday,3,6,23-03-2025,Monday,2,0,10-02-2025,3
cus583,38,Monday,2,0,10-02-2025,Monday,1,0,27-01-2025,10
cus584,27,Friday,5,4,02-05-2025,Tuesday,4,1,22-04-2025,9
cus585,13,Thursday,5,3,15-05-2025,Monday,3,0,31-03-2025,1
cus586,52,Saturday,2,5,15-02-2025,Thursday,1,3,23-01-2025,6
cus587,33,Thursday,1,3,16-01-2025,Saturday,12,5,07-12-2024,10
cus588,14,Wednesday,2,2,12-02-2025,Saturday,2,5,01-02-2025,6
cus589,73,Thursday,4,3,17-04-2025,Tuesday,3,1,11-03-2025,6
cus590,94,Friday,3,4,28-03-2025,Tuesday,3,1,04-03-2025,7
cus591,59,Monday,1,0,20-01-2025,Tuesday,12,1,03-12-2024,1
cus592,100,Saturday,1,5,04-01-2025,Saturday,12,5,28-12-2024,8
cus593,75,Wednesday,3,2,05-03-2025,Wednesday,1,2,08-01-2025,9
cus594,25,Thursday,5,3,01-05-2025,Wednesday,3,2,19-03-2025,2
cus595,44,Friday,4,4,11-04-2025,Saturday,3,5,15-03-2025,5
cus596,87,Friday,5,4,02-05-2025,Monday,3,0,10-03-2025,2
cus597,58,Friday,3,4,28-03-2025,Tuesday,1,1,28-01-2025,9
cus598,81,Sunday,4,6,06-04-2025,Sunday,3,6,09-03-2025,10
cus599,5,Friday,5,4,02-05-2025,Wednesday,4,2,23-04-2025,3
cus600,89,Saturday,3,5,08-03-2025,Friday,2,4,21-02-2025,5
cus601,12,Thursday,1,3,16-01-2025,Friday,12,4,27-12-2024,1
cus602,86,Wednesday,5,2,14-05-2025,Thursday,4,3,24-04-2025,8
cus603,11,Tuesday,3,1,04-03-2025,Sunday,2,6,16-02-2025,4
cus604,93,Thursday,4,3,17-04-2025,Thursday,2,3,20-02-2025,5
cus605,33,Saturday,1,5,18-01-2025,Friday,11,4,22-11-2024,9
cus606,39,Friday,4,4,18-04-2025,Monday,3,0,17-03-2025,4
cus607,64,Sunday,5,6,04-05-2025,Sunday,3,6,09-03-2025,2
cus608,90,Friday,3,4,14-03-2025,Friday,1,4,31-01-2025,10
cus609,67,Tuesday,1,1,28-01-2025,Tuesday,12,1,10-12-2024,6
cus610,86,Thursday,4,3,10-04-2025,Tuesday,3,1,18-03-2025,2
cus611,13,Tuesday,3,1,18-03-2025,Sunday,2,6,02-02-2025,1
cus612,27,Thursday,2,3,20-02-2025,Saturday,2,5,01-02-2025,1
cus613,33,Friday,2,4,07-02-2025,Monday,1,0,20-01-2025,4
cus614,97,Wednesday,5,2,28-05-2025,Sunday,5,6,04-05-2025,3
cus615,5,Friday,2,4,07-02-2025,Monday,12,0,23-12-2024,2
cus616,48,Tuesday,5,1,06-05-2025,Monday,4,0,14-04-2025,9
cus617,35,Saturday,2,5,08-02-2025,Friday,1,4,10-01-2025,1
cus618,69,Monday,4,0,21-04-2025,Thursday,3,3,27-03-2025,3
cus619,64,Sunday,1,6,19-01-2025,Friday,12,4,13-12-2024,5
cus620,24,Sunday,5,6,11-05-2025,Friday,4,4,18-04-2025,8
cus621,92,Monday,4,0,14-04-2025,Tuesday,3,1,25-03-2025,6
cus622,8,Saturday,2,5,22-02-2025,Sunday,1,6,19-01-2025,6
cus623,20,Friday,5,4,16-05-2025,Wednesday,3,2,19-03-2025,3
cus624,43,Thursday,3,3,20-03-2025,Monday,2,0,10-02-2025,7
cus625,78,Wednesday,2,2,05-02-2025,Monday,12,0,23-12-2024,7
cus626,55,Tuesday,2,1,18-02-2025,Wednesday,1,2,15-01-2025,6
cus627,85,Wednesday,2,2,19-02-2025,Saturday,2,5,08-02-2025,7
cus628,30,Sunday,3,6,09-03-2025,Friday,1,4,31-01-2025,7
cus629,49,Tuesday,5,1,13-05-2025,Tuesday,4,1,15-04-2025,10
cus630,17,Monday,2,0,10-02-2025,Tuesday,12,1,31-12-2024,2
cus631,44,Saturday,4,5,05-04-2025,Wednesday,3,2,26-03-2025,1
cus632,5,Monday,1,0,06-01-2025,Wednesday,12,2,18-12-2024,9
cus633,59,Thursday,4,3,10-04-2025,Thursday,2,3,20-02-2025,1
cus634,34,Thursday,5,3,15-05-2025,Monday,4,0,14-04-2025,1
cus635,86,Tuesday,2,1,25-02-2025,Friday,12,4,27-12-2024,8
cus636,73,Thursday,1,3,16-01-2025,Monday,12,0,02-12-2024,6
cus637,11,Monday,5,0,26-05-2025,Tuesday,4,1,15-04-2025,6
cus638,86,Friday,5,4,02-05-2025,Thursday,4,3,24-04-2025,3
cus639,83,Monday,3,0,24-03-2025,Monday,1,0,27-01-2025,8
cus640,13,Friday,1,4,10-01-2025,Friday,12,4,20-12-2024,6
cus641,61,Saturday,1,5,25-01-2025,Wednesday,1,2,08-01-2025,4
cus642,18,Tuesday,3,1,11-03-2025,Monday,1,0,20-01-2025,1
cus643,6,Sunday,3,6,16-03-2025,Tuesday,2,1,18-02-2025,8
cus644,76,Thursday,2,3,13-02-2025,Saturday,12,5,21-12-2024,4
cus645,62,Wednesday,1,2,08-01-2025,Saturday,11,5,09-11-2024,1
cus646,48,Wednesday,5,2,07-05-2025,Saturday,3,5,15-03-2025,9
cus647,19,Tuesday,4,1,08-04-2025,Wednesday,3,2,19-03-2025,8
cus648,22,Monday,1,0,13-01-2025,Monday,12,0,23-12-2024,2
cus649,34,Monday,2,0,03-02-2025,Friday,12,4,27-12-2024,4
cus650,63,Monday,2,0,10-02-2025,Friday,1,4,03-01-2025,9
cus651,24,Sunday,2,6,23-02-2025,Tuesday,1,1,21-01-2025,6
cus652,33,Tuesday,3,1,11-03-2025,Saturday,1,5,11-01-2025,4
cus653,9,Monday,4,0,28-04-2025,Sunday,4,6,06-04-2025,6
cus654,30,Thursday,5,3,08-05-2025,Thursday,4,3,24-04-2025,8
cus655,78,Thursday,4,3,17-04-2025,Tuesday,3,1,04-03-2025,4
cus656,38,Monday,5,0,12-05-2025,Thursday,4,3,17-04-2025,8
cus657,54,Friday,2,4,28-02-2025,Saturday,1,5,04-01-2025,8
cus658,21,Thursday,4,3,03-04-2025,Monday,3,0,24-03-2025,7
cus659,46,Sunday,3,6,02-03-2025,Friday,1,4,31-01-2025,1
cus660,97,Wednesday,3,2,26-03-2025,Monday,2,0,17-02-2025,6
cus661,22,Tuesday,1,1,07-01-2025,Tuesday,11,1,19-11-2024,3
cus662,23,Monday,2,0,24-02-2025,Saturday,1,5,04-01-2025,5
cus663,25,Monday,4,0,28-04-2025,Friday,3,4,07-03-2025,5
cus664,61,Tuesday,5,1,20-05-2025,Tuesday,3,1,25-03-2025,2
cus665,88,Friday,2,4,21-02-2025,Friday,12,4,27-12-2024,7
cus666,23,Monday,1,0,27-01-2025,Thursday,12,3,19-12-2024,9
cus667,93,Friday,4,4,11-04-2025,Tuesday,3,1,04-03-2025,6
cus668,98,Wednesday,3,2,12-03-2025,Monday,2,0,03-02-2025,6
cus669,79,Wednesday,5,2,07-05-2025,Thursday,3,3,20-03-2025,1
cus670,16,Saturday,5,5,03-05-2025,Friday,3,4,28-03-2025,1
cus671,55,Wednesday,3,2,26-03-2025,Monday,2,0,24-02-2025,4
cus672,24,Tuesday,3,1,18-03-2025,Thursday,2,3,13-02-2025,4
cus673,18,Sunday,2,6,23-02-2025,Friday,1,4,24-01-2025,9
cus674,65,Wednesday,5,2,14-05-2025,Wednesday,4,2,30-04-2025,7
cus675,90,Thursday,3,3,27-03-2025,Friday,3,4,14-03-2025,8
cus676,48,Monday,1,0,13-01-2025,Saturday,11,5,30-11-2024,7
cus677,62,Wednesday,2,2,12-02-2025,Monday,12,0,30-12-2024,4
cus678,21,Thursday,5,3,15-05-2025,Monday,4,0,21-04-2025,10
cus679,76,Saturday,2,5,01-02-2025,Wednesday,12,2,04-12-2024,1
cus680,86,Saturday,2,5,22-02-2025,Saturday,2,5,01-02-2025,7
cus681,23,Sunday,4,6,27-04-2025,Wednesday,3,2,19-03-2025,6
cus682,58,Friday,3,4,28-03-2025,Sunday,2,6,09-02-2025,3
cus683,24,Sunday,2,6,09-02-2025,Wednesday,1,2,08-01-2025,1
cus684,40,Friday,3,4,14-03-2025,Wednesday,2,2,19-02-2025,7
cus685,95,Wednesday,5,2,28-05-2025,Sunday,4,6,13-04-2025,10
cus686,63,Saturday,5,5,10-05-2025,Monday,3,0,24-03-2025,1
cus687,35,Tuesday,3,1,11-03-2025,Friday,1,4,17-01-2025,5
cus688,94,Wednesday,4,2,16-04-2025,Monday,3,0,03-03-2025,2
cus689,49,Thursday,5,3,01-05-2025,Monday,3,0,17-03-2025,1
cus690,85,Friday,4,4,11-04-2025,Saturday,3,5,08-03-2025,3
cus691,95,Tuesday,1,1,21-01-2025,Saturday,12,5,07-12-2024,4
cus692,37,Tuesday,5,1,13-05-2025,Thursday,5,3,01-05-2025,8
cus693,29,Friday,2,4,14-02-2025,Sunday,1,6,19-01-2025,2
cus694,40,Saturday,5,5,03-05-2025,Thursday,4,3,24-04-2025,9
cus695,74,Thursday,1,3,02-01-2025,Sunday,12,6,22-12-2024,4
cus696,29,Friday,2,4,21-02-2025,Sunday,2,6,02-02-2025,9
cus697,12,Monday,1,0,20-01-2025,Sunday,1,6,05-01-2025,2
cus698,52,Tuesday,2,1,04-02-2025,Friday,1,4,10-01-2025,10
cus699,46,Monday,5,0,26-05-2025,Sunday,4,6,27-04-2025,6
cus700,100,Monday,1,0,06-01-2025,Monday,12,0,09-12-2024,5
cus701,5,Sunday,4,6,06-04-2025,Monday,3,0,24-03-2025,1
cus702,42,Thursday,3,3,13-03-2025,Friday,2,4,07-02-2025,4
cus703,28,Monday,1,0,13-01-2025,Saturday,11,5,30-11-2024,2
cus704,61,Friday,1,4,17-01-2025,Saturday,12,5,28-12-2024,6
cus705,80,Monday,5,0,12-05-2025,Wednesday,4,2,02-04-2025,10
cus706,39,Tuesday,1,1,07-01-2025,Saturday,11,5,23-11-2024,5
cus707,33,Tuesday,4,1,01-04-2025,Sunday,3,6,16-03-2025,8
cus708,16,Sunday,3,6,02-03-2025,Monday,1,0,13-01-2025,1
cus709,39,Wednesday,2,2,05-02-2025,Sunday,12,6,29-12-2024,5
cus710,34,Wednesday,5,2,28-05-2025,Monday,5,0,19-05-2025,8
cus711,65,Tuesday,1,1,07-01-2025,Saturday,12,5,21-12-2024,3
cus712,14,Thursday,3,3,20-03-2025,Monday,2,0,03-02-2025,8
cus713,8,Saturday,3,5,01-03-2025,Tuesday,2,1,11-02-2025,4
cus714,50,Wednesday,1,2,01-01-2025,Thursday,11,3,07-11-2024,9
cus715,79,Saturday,1,5,18-01-2025,Tuesday,12,1,03-12-2024,4
cus716,7,Sunday,4,6,20-04-2025,Thursday,4,3,03-04-2025,2
cus717,51,Monday,2,0,10-02-2025,Friday,12,4,13-12-2024,4
cus718,47,Tuesday,2,1,18-02-2025,Saturday,1,5,25-01-2025,1
cus719,89,Sunday,2,6,23-02-2025,Tuesday,1,1,14-01-2025,4
cus720,52,Friday,3,4,21-03-2025,Thursday,2,3,06-02-2025,8
cus721,30,Wednesday,2,2,19-02-2025,Tuesday,12,1,31-12-2024,5
cus722,52,Friday,3,4,21-03-2025,Sunday,2,6,02-02-2025,1
cus723,27,Wednesday,2,2,26-02-2025,Saturday,1,5,25-01-2025,8
cus724,58,Friday,5,4,16-05-2025,Wednesday,3,2,26-03-2025,6
cus725,54,Monday,4,0,28-04-2025,Thursday,2,3,27-02-2025,4
cus726,78,Wednesday,2,2,19-02-2025,Sunday,12,6,29-12-2024,9
cus727,6,Sunday,4,6,13-04-2025,Sunday,2,6,23-02-2025,7
cus728,50,Sunday,2,6,02-02-2025,Monday,12,0,23-12-2024,8
cus729,20,Monday,1,0,06-01-2025,Sunday,12,6,22-12-2024,5
cus730,50,Sunday,4,6,13-04-2025,Wednesday,2,2,12-02-2025,5
cus731,87,Saturday,5,5,17-05-2025,Wednesday,4,2,02-04-2025,6
cus732,89,Wednesday,5,2,14-05-2025,Tuesday,4,1,15-04-2025,2
cus733,87,Thursday,5,3,15-05-2025,Saturday,3,5,29-03-2025,5
cus734,83,Friday,2,4,07-02-2025,Wednesday,1,2,29-01-2025,8
cus735,61,Thursday,4,3,03-04-2025,Thursday,3,3,27-03-2025,10
cus736,45,Sunday,2,6,16-02-2025,Tuesday,1,1,07-01-2025,7
cus737,47,Friday,4,4,04-04-2025,Tuesday,3,1,04-03-2025,4
cus738,22,Tuesday,2,1,18-02-2025,Sunday,2,6,02-02-2025,9
cus739,48,Friday,2,4,28-02-2025,Sunday,2,6,02-02-2025,8
cus740,5,Saturday,1,5,04-01-2025,Saturday,11,5,16-11-2024,3
cus741,52,Tuesday,5,1,20-05-2025,Wednesday,3,2,26-03-2025,9
cus742,58,Friday,2,4,07-02-2025,Wednesday,1,2,29-01-2025,5
cus743,95,Wednesday,4,2,02-04-2025,Friday,3,4,21-03-2025,8
cus744,80,Wednesday,3,2,12-03-2025,Thursday,2,3,27-02-2025,9
cus745,70,Friday,3,4,14-03-2025,Saturday,2,5,08-02-2025,3
cus746,52,Saturday,4,5,19-04-2025,Saturday,3,5,08-03-2025,7
cus747,66,Friday,3,4,28-03-2025,Monday,2,0,17-02-2025,2
cus748,99,Tuesday,5,1,13-05-2025,Tuesday,4,1,22-04-2025,4
cus749,79,Tuesday,5,1,20-05-2025,Wednesday,3,2,26-03-2025,2
cus750,30,Sunday,5,6,25-05-2025,Sunday,4,6,27-04-2025,9
cus751,58,Tuesday,1,1,07-01-2025,Saturday,12,5,07-12-2024,1
cus752,31,Tuesday,1,1,28-01-2025,Thursday,1,3,02-01-2025,8
cus753,67,Monday,5,0,05-05-2025,Thursday,4,3,10-04-2025,4
cus754,98,Saturday,4,5,26-04-2025,Friday,4,4,11-04-2025,3
cus755,92,Monday,2,0,10-02-2025,Saturday,1,5,11-01-2025,6
cus756,33,Sunday,3,6,23-03-2025,Saturday,2,5,22-02-2025,5
cus757,14,Thursday,4,3,10-04-2025,Wednesday,2,2,26-02-2025,9
cus758,51,Monday,2,0,10-02-2025,Sunday,12,6,29-12-2024,3
cus759,96,Wednesday,5,2,28-05-2025,Friday,5,4,09-05-2025,2
cus760,83,Monday,1,0,13-01-2025,Sunday,12,6,29-12-2024,8
cus761,33,Sunday,1,6,26-01-2025,Friday,1,4,17-01-2025,3
cus762,57,Sunday,2,6,09-02-2025,Wednesday,12,2,11-12-2024,8
cus763,97,Tuesday,4,1,22-04-2025,Friday,4,4,11-04-2025,7
cus764,27,Monday,1,0,13-01-2025,Monday,11,0,18-11-2024,9
cus765,55,Tuesday,2,1,11-02-2025,Sunday,12,6,29-12-2024,6
cus766,11,Friday,3,4,21-03-2025,Monday,2,0,24-02-2025,9
cus767,49,Thursday,2,3,13-02-2025,Wednesday,12,2,25-12-2024,3
cus768,77,Tuesday,5,1,06-05-2025,Tuesday,3,1,25-03-2025,3
cus769,79,Tuesday,2,1,25-02-2025,Saturday,2,5,15-02-2025,9
cus770,17,Saturday,4,5,19-04-2025,Friday,4,4,11-04-2025,6
cus771,76,Saturday,1,5,04-01-2025,Sunday,12,6,01-12-2024,4
cus772,12,Thursday,1,3,16-01-2025,Monday,12,0,09-12-2024,7
cus773,72,Tuesday,2,1,04-02-2025,Monday,12,0,30-12-2024,9
cus774,19,Sunday,2,6,16-02-2025,Saturday,1,5,18-01-2025,7
cus775,98,Monday,1,0,06-01-2025,Saturday,12,5,21-12-2024,5
cus776,33,Saturday,1,5,11-01-2025,Tuesday,11,1,26-11-2024,6
cus777,63,Saturday,5,5,24-05-2025,Sunday,5,6,11-05-2025,10
cus778,91,Tuesday,4,1,01-04-2025,Monday,2,0,17-02-2025,2
cus779,93,Friday,2,4,28-02-2025,Monday,1,0,06-01-2025,8
cus780,22,Saturday,1,5,18-01-2025,Wednesday,12,2,04-12-2024,5
cus781,70,Sunday,5,6,18-05-2025,Sunday,4,6,13-04-2025,9
cus782,56,Thursday,2,3,27-02-2025,Tuesday,2,1,18-02-2025,10
cus783,93,Monday,2,0,17-02-2025,Monday,12,0,23-12-2024,9
cus784,24,Saturday,5,5,03-05-2025,Sunday,3,6,16-03-2025,6
cus785,11,Monday,3,0,24-03-2025,Friday,3,4,14-03-2025,6
cus786,62,Monday,4,0,14-04-2025,Thursday,3,3,13-03-2025,5
cus787,85,Sunday,5,6,04-05-2025,Sunday,4,6,13-04-2025,10
cus788,88,Saturday,4,5,05-04-2025,Tuesday,3,1,11-03-2025,4
cus789,74,Wednesday,4,2,09-04-2025,Thursday,3,3,13-03-2025,1
cus790,58,Thursday,2,3,06-02-2025,Tuesday,1,1,21-01-2025,8
cus791,35,Thursday,2,3,13-02-2025,Thursday,1,3,23-01-2025,6
cus792,57,Wednesday,5,2,14-05-2025,Tuesday,4,1,15-04-2025,7
cus793,89,Monday,5,0,19-05-2025,Thursday,3,3,20-03-2025,4
cus794,73,Tuesday,4,1,22-04-2025,Wednesday,4,2,09-04-2025,1
cus795,92,Wednesday,5,2,14-05-2025,Friday,3,4,21-03-2025,2
cus796,40,Tuesday,1,1,28-01-2025,Tuesday,12,1,10-12-2024,1
cus797,6,Thursday,2,3,27-02-2025,Sunday,1,6,26-01-2025,5
cus798,30,Monday,2,0,10-02-2025,Tuesday,1,1,14-01-2025,5
cus799,86,Wednesday,1,2,01-01-2025,Thursday,11,3,07-11-2024,3
cus800,78,Thursday,4,3,24-04-2025,Wednesday,4,2,02-04-2025,9
cus801,73,Saturday,1,5,18-01-2025,Thursday,12,3,19-12-2024,7
cus802,34,Sunday,4,6,20-04-2025,Friday,2,4,21-02-2025,1
cus803,26,Thursday,3,3,20-03-2025,Sunday,2,6,23-02-2025,2
cus804,8,Sunday,4,6,06-04-2025,Saturday,2,5,22-02-2025,9
cus805,71,Monday,1,0,20-01-2025,Saturday,12,5,21-12-2024,10
cus806,75,Friday,4,4,25-04-2025,Saturday,4,5,05-04-2025,3
cus807,14,Saturday,3,5,15-03-2025,Wednesday,1,2,15-01-2025,2
cus808,17,Thursday,2,3,13-02-2025,Friday,1,4,24-01-2025,9
cus809,34,Thursday,1,3,23-01-2025,Thursday,12,3,05-12-2024,6
cus810,64,Monday,1,0,13-01-2025,Sunday,1,6,05-01-2025,9
cus811,32,Friday,2,4,21-02-2025,Thursday,1,3,30-01-2025,6
cus812,36,Wednesday,5,2,14-05-2025,Saturday,3,5,15-03-2025,9
cus813,16,Thursday,5,3,22-05-2025,Friday,4,4,18-04-2025,7
cus814,53,Tuesday,2,1,18-02-2025,Wednesday,2,2,05-02-2025,9
cus815,24,Wednesday,2,2,26-02-2025,Wednesday,1,2,22-01-2025,9
cus816,32,Thursday,1,3,02-01-2025,Monday,12,0,23-12-2024,9
cus817,85,Thursday,1,3,09-01-2025,Saturday,11,5,30-11-2024,7
cus818,60,Wednesday,5,2,07-05-2025,Wednesday,3,2,26-03-2025,3
cus819,12,Thursday,2,3,27-02-2025,Sunday,2,6,09-02-2025,10
cus820,92,Tuesday,3,1,18-03-2025,Monday,3,0,10-03-2025,5
cus821,42,Thursday,3,3,06-03-2025,Thursday,2,3,06-02-2025,10
cus822,80,Monday,5,0,19-05-2025,Friday,5,4,02-05-2025,7
cus823,28,Tuesday,3,1,25-03-2025,Wednesday,2,2,26-02-2025,7
cus824,59,Monday,4,0,28-04-2025,Friday,3,4,21-03-2025,6
cus825,84,Monday,5,0,26-05-2025,Tuesday,4,1,29-04-2025,5
cus826,42,Saturday,1,5,18-01-2025,Monday,12,0,09-12-2024,10
cus827,14,Tuesday,1,1,07-01-2025,Tuesday,11,1,19-11-2024,4
cus828,88,Monday,3,0,24-03-2025,Thursday,3,3,06-03-2025,6
cus829,25,Thursday,4,3,17-04-2025,Saturday,2,5,22-02-2025,3
cus830,84,Tuesday,3,1,04-03-2025,Sunday,1,6,26-01-2025,6
cus831,97,Tuesday,4,1,15-04-2025,Wednesday,2,2,26-02-2025,3
cus832,41,Sunday,5,6,25-05-2025,Thursday,4,3,24-04-2025,6
cus833,50,Tuesday,5,1,20-05-2025,Sunday,4,6,13-04-2025,2
cus834,58,Wednesday,1,2,22-01-2025,Saturday,12,5,28-12-2024,8
cus835,17,Sunday,2,6,02-02-2025,Friday,1,4,03-01-2025,3
cus836,32,Monday,4,0,07-04-2025,Saturday,3,5,29-03-2025,5
cus837,76,Friday,1,4,17-01-2025,Friday,12,4,13-12-2024,9
cus838,36,Wednesday,3,2,19-03-2025,Thursday,3,3,06-03-2025,1
cus839,80,Monday,4,0,21-04-2025,Friday,2,4,21-02-2025,6
cus840,96,Wednesday,4,2,02-04-2025,Monday,2,0,24-02-2025,4
cus841,56,Tuesday,3,1,18-03-2025,Friday,3,4,07-03-2025,10
cus842,48,Saturday,3,5,01-03-2025,Tuesday,1,1,28-01-2025,4
cus843,20,Saturday,3,5,08-03-2025,Saturday,1,5,18-01-2025,10
cus844,47,Friday,1,4,24-01-2025,Monday,1,0,13-01-2025,10
cus845,49,Wednesday,5,2,14-05-2025,Tuesday,4,1,01-04-2025,2
cus846,43,Monday,1,0,27-01-2025,Saturday,12,5,28-12-2024,10
cus847,39,Thursday,3,3,27-03-2025,Sunday,2,6,23-02-2025,2
cus848,18,Wednesday,2,2,19-02-2025,Sunday,1,6,12-01-2025,5
cus849,86,Saturday,5,5,24-05-2025,Saturday,4,5,12-04-2025,4
cus850,26,Monday,1,0,06-01-2025,Tuesday,12,1,24-12-2024,6
cus851,46,Tuesday,5,1,06-05-2025,Tuesday,3,1,18-03-2025,9
cus852,100,Saturday,1,5,25-01-2025,Thursday,1,3,16-01-2025,2
cus853,98,Tuesday,3,1,25-03-2025,Sunday,2,6,09-02-2025,1
cus854,65,Wednesday,2,2,12-02-2025,Tuesday,12,1,24-12-2024,10
cus855,93,Monday,4,0,28-04-2025,Sunday,3,6,09-03-2025,6
cus856,13,Monday,3,0,03-03-2025,Monday,2,0,03-02-2025,2
cus857,18,Tuesday,3,1,04-03-2025,Saturday,1,5,18-01-2025,1
cus858,44,Wednesday,1,2,01-01-2025,Monday,11,0,04-11-2024,4
cus859,57,Sunday,2,6,09-02-2025,Sunday,1,6,05-01-2025,3
cus860,44,Wednesday,4,2,02-04-2025,Saturday,3,5,01-03-2025,5
cus861,29,Friday,2,4,28-02-2025,Monday,2,0,17-02-2025,2
cus862,97,Saturday,5,5,10-05-2025,Sunday,4,6,06-04-2025,6
cus863,6,Monday,4,0,07-04-2025,Monday,2,0,17-02-2025,7
cus864,73,Tuesday,3,1,11-03-2025,Tuesday,1,1,28-01-2025,10
cus865,33,Tuesday,2,1,25-02-2025,Saturday,1,5,18-01-2025,1
cus866,76,Sunday,1,6,05-01-2025,Tuesday,12,1,10-12-2024,8
cus867,70,Thursday,5,3,15-05-2025,Wednesday,4,2,09-04-2025,10
cus868,99,Tuesday,5,1,06-05-2025,Friday,3,4,21-03-2025,1
cus869,58,Tuesday,2,1,25-02-2025,Saturday,1,5,25-01-2025,3
cus870,72,Friday,4,4,25-04-2025,Friday,4,4,04-04-2025,10
cus871,93,Saturday,2,5,22-02-2025,Thursday,1,3,30-01-2025,8
cus872,83,Thursday,2,3,20-02-2025,Saturday,12,5,28-12-2024,3
cus873,82,Wednesday,4,2,23-04-2025,Sunday,3,6,16-03-2025,7
cus874,5,Tuesday,3,1,25-03-2025,Wednesday,2,2,26-02-2025,9
cus875,29,Wednesday,2,2,26-02-2025,Friday,1,4,31-01-2025,2
cus876,52,Monday,2,0,03-02-2025,Monday,12,0,16-12-2024,1
cus877,43,Thursday,2,3,06-02-2025,Wednesday,12,2,11-12-2024,8
cus878,62,Saturday,1,5,04-01-2025,Thursday,12,3,12-12-2024,2
cus879,89,Thursday,3,3,20-03-2025,Tuesday,1,1,28-01-2025,7
cus880,95,Tuesday,3,1,18-03-2025,Monday,2,0,17-02-2025,8
cus881,11,Tuesday,1,1,28-01-2025,Thursday,12,3,05-12-2024,1
cus882,81,Sunday,4,6,13-04-2025,Tuesday,3,1,18-03-2025,9
cus883,66,Tuesday,1,1,28-01-2025,Saturday,12,5,21-12-2024,9
cus884,60,Wednesday,5,2,21-05-2025,Sunday,5,6,11-05-2025,10
cus885,78,Friday,5,4,09-05-2025,Monday,3,0,10-03-2025,5
cus886,87,Thursday,1,3,09-01-2025,Thursday,12,3,05-12-2024,8
cus887,87,Wednesday,5,2,14-05-2025,Tuesday,4,1,01-04-2025,7
cus888,98,Sunday,1,6,26-01-2025,Tuesday,12,1,17-12-2024,10
cus889,84,Tuesday,2,1,25-02-2025,Wednesday,1,2,22-01-2025,7
cus890,55,Friday,5,4,23-05-2025,Wednesday,5,2,14-05-2025,5
cus891,65,Thursday,1,3,09-01-2025,Saturday,11,5,23-11-2024,7
cus892,92,Wednesday,4,2,16-04-2025,Wednesday,4,2,02-04-2025,8
cus893,34,Friday,2,4,14-02-2025,Sunday,1,6,26-01-2025,1
cus894,49,Thursday,5,3,22-05-2025,Thursday,5,3,01-05-2025,9
cus895,77,Saturday,4,5,26-04-2025,Tuesday,3,1,11-03-2025,1
cus896,85,Saturday,1,5,04-01-2025,Monday,12,0,09-12-2024,3
cus897,7,Sunday,3,6,16-03-2025,Saturday,1,5,18-01-2025,7
cus898,38,Monday,4,0,07-04-2025,Friday,2,4,07-02-2025,3
cus899,85,Thursday,2,3,20-02-2025,Thursday,2,3,13-02-2025,5
cus900,91,Wednesday,3,2,05-03-2025,Thursday,1,3,23-01-2025,4
cus901,100,Friday,1,4,03-01-2025,Monday,12,0,23-12-2024,2
cus902,10,Wednesday,1,2,22-01-2025,Tuesday,12,1,03-12-2024,6
cus903,33,Tuesday,1,1,14-01-2025,Monday,12,0,30-12-2024,4
cus904,53,Friday,4,4,25-04-2025,Sunday,3,6,23-03-2025,1
cus905,5,Sunday,1,6,19-01-2025,Sunday,12,6,29-12-2024,5
cus906,10,Sunday,2,6,16-02-2025,Friday,12,4,20-12-2024,7
cus907,51,Monday,3,0,17-03-2025,Friday,2,4,28-02-2025,10
cus908,67,Wednesday,4,2,23-04-2025,Friday,2,4,28-02-2025,10
cus909,35,Thursday,4,3,10-04-2025,Thursday,3,3,06-03-2025,4
cus910,24,Sunday,4,6,20-04-2025,Tuesday,3,1,25-03-2025,2
cus911,28,Tuesday,1,1,07-01-2025,Sunday,12,6,08-12-2024,6
cus912,24,Sunday,3,6,09-03-2025,Friday,1,4,31-01-2025,9
cus913,20,Wednesday,2,2,05-02-2025,Monday,1,0,06-01-2025,6
cus914,76,Sunday,3,6,02-03-2025,Wednesday,2,2,12-02-2025,9
cus915,21,Monday,2,0,17-02-2025,Tuesday,12,1,24-12-2024,4
cus916,37,Monday,1,0,20-01-2025,Monday,12,0,23-12-2024,3
cus917,65,Thursday,2,3,20-02-2025,Friday,1,4,31-01-2025,1
cus918,43,Saturday,5,5,03-05-2025,Tuesday,4,1,08-04-2025,4
cus919,56,Thursday,3,3,27-03-2025,Tuesday,1,1,28-01-2025,10
cus920,86,Sunday,3,6,02-03-2025,Monday,1,0,06-01-2025,2
cus921,57,Wednesday,4,2,09-04-2025,Sunday,3,6,23-03-2025,9
cus922,76,Thursday,4,3,03-04-2025,Wednesday,2,2,05-02-2025,10
cus923,77,Monday,1,0,13-01-2025,Tuesday,11,1,26-11-2024,5
cus924,14,Tuesday,5,1,20-05-2025,Friday,3,4,28-03-2025,7
cus925,93,Wednesday,5,2,14-05-2025,Friday,4,4,25-04-2025,9
cus926,14,Sunday,4,6,20-04-2025,Thursday,3,3,13-03-2025,4
cus927,61,Monday,3,0,03-03-2025,Thursday,2,3,06-02-2025,4
cus928,89,Monday,3,0,24-03-2025,Monday,2,0,03-02-2025,3
cus929,6,Wednesday,3,2,19-03-2025,Saturday,2,5,15-02-2025,2
cus930,34,Friday,4,4,11-04-2025,Saturday,3,5,22-03-2025,1
cus931,84,Thursday,4,3,24-04-2025,Thursday,3,3,06-03-2025,4
cus932,43,Thursday,3,3,13-03-2025,Monday,1,0,20-01-2025,1
cus933,7,Wednesday,5,2,14-05-2025,Thursday,4,3,10-04-2025,2
cus934,7,Wednesday,5,2,07-05-2025,Thursday,4,3,17-04-2025,9
cus935,36,Sunday,4,6,20-04-2025,Sunday,4,6,13-04-2025,1
cus936,46,Saturday,4,5,19-04-2025,Friday,3,4,07-03-2025,5
cus937,71,Saturday,4,5,19-04-2025,Wednesday,3,2,12-03-2025,8
cus938,81,Wednesday,1,2,08-01-2025,Tuesday,11,1,19-11-2024,1
cus939,7,Friday,3,4,14-03-2025,Friday,1,4,24-01-2025,8
cus940,63,Sunday,1,6,19-01-2025,Tuesday,1,1,07-01-2025,8
cus941,94,Wednesday,5,2,28-05-2025,Sunday,3,6,30-03-2025,10
cus942,88,Monday,3,0,17-03-2025,Saturday,3,5,08-03-2025,2
cus943,71,Monday,1,0,13-01-2025,Friday,12,4,06-12-2024,9
cus944,23,Thursday,3,3,20-03-2025,Wednesday,2,2,12-02-2025,9
cus945,98,Monday,4,0,28-04-2025,Wednesday,4,2,02-04-2025,5
cus946,98,Wednesday,5,2,07-05-2025,Saturday,4,5,05-04-2025,3
cus947,79,Monday,5,0,12-05-2025,Sunday,4,6,27-04-2025,8
cus948,29,Wednesday,1,2,08-01-2025,Friday,12,4,20-12-2024,2
cus949,61,Wednesday,5,2,14-05-2025,Monday,3,0,24-03-2025,2
cus950,10,Monday,5,0,26-05-2025,Tuesday,4,1,29-04-2025,8
cus951,96,Thursday,5,3,08-05-2025,Sunday,4,6,06-04-2025,5
cus952,73,Friday,3,4,07-03-2025,Monday,1,0,20-01-2025,5
cus953,66,Saturday,3,5,01-03-2025,Friday,1,4,24-01-2025,6
cus954,68,Monday,3,0,24-03-2025,Saturday,2,5,15-02-2025,10
cus955,85,Friday,2,4,28-02-2025,Friday,1,4,31-01-2025,7
cus956,15,Thursday,3,3,13-03-2025,Monday,1,0,13-01-2025,3
cus957,77,Thursday,1,3,09-01-2025,Wednesday,12,2,11-12-2024,9
cus958,15,Friday,5,4,02-05-2025,Monday,4,0,07-04-2025,3
cus959,18,Sunday,1,6,19-01-2025,Tuesday,1,1,07-01-2025,5
cus960,39,Saturday,3,5,15-03-2025,Monday,1,0,20-01-2025,9
cus961,29,Wednesday,1,2,08-01-2025,Sunday,11,6,17-11-2024,6
cus962,18,Friday,3,4,28-03-2025,Tuesday,2,1,18-02-2025,7
cus963,7,Monday,4,0,21-04-2025,Sunday,3,6,09-03-2025,5
cus964,79,Tuesday,5,1,20-05-2025,Sunday,3,6,23-03-2025,3
cus965,69,Wednesday,2,2,19-02-2025,Tuesday,1,1,14-01-2025,10
cus966,68,Thursday,3,3,13-03-2025,Tuesday,1,1,28-01-2025,2
cus967,21,Wednesday,5,2,14-05-2025,Friday,4,4,18-04-2025,2
cus968,43,Saturday,2,5,01-02-2025,Wednesday,1,2,01-01-2025,7
cus969,60,Wednesday,5,2,28-05-2025,Wednesday,4,2,09-04-2025,5
cus970,60,Monday,3,0,24-03-2025,Tuesday,3,1,04-03-2025,2
cus971,12,Monday,3,0,17-03-2025,Friday,1,4,24-01-2025,2
cus972,95,Wednesday,1,2,01-01-2025,Saturday,12,5,21-12-2024,10
cus973,18,Tuesday,3,1,04-03-2025,Thursday,1,3,23-01-2025,3
cus974,73,Sunday,2,6,09-02-2025,Sunday,12,6,29-12-2024,3
cus975,64,Thursday,5,3,15-05-2025,Thursday,4,3,17-04-2025,1
cus976,66,Tuesday,2,1,11-02-2025,Monday,12,0,16-12-2024,10
cus977,25,Friday,1,4,03-01-2025,Wednesday,12,2,04-12-2024,7
cus978,47,Monday,2,0,24-02-2025,Thursday,1,3,23-01-2025,1
cus979,82,Sunday,3,6,23-03-2025,Friday,1,4,31-01-2025,8
cus980,34,Saturday,3,5,01-03-2025,Friday,2,4,07-02-2025,1
cus981,61,Saturday,1,5,11-01-2025,Friday,11,4,22-11-2024,8
cus982,65,Monday,5,0,05-05-2025,Thursday,4,3,10-04-2025,3
cus983,21,Saturday,4,5,05-04-2025,Thursday,3,3,13-03-2025,10
cus984,8,Wednesday,1,2,01-01-2025,Wednesday,12,2,04-12-2024,5
cus985,71,Monday,5,0,19-05-2025,Tuesday,4,1,15-04-2025,3
cus986,40,Sunday,2,6,09-02-2025,Friday,12,4,20-12-2024,1
cus987,28,Saturday,3,5,08-03-2025,Sunday,1,6,12-01-2025,8
cus988,90,Sunday,3,6,23-03-2025,Thursday,3,3,13-03-2025,6
cus989,55,Tuesday,3,1,11-03-2025,Wednesday,2,2,26-02-2025,2
cus990,45,Saturday,4,5,19-04-2025,Saturday,3,5,08-03-2025,3
cus991,100,Saturday,4,5,26-04-2025,Friday,4,4,04-04-2025,1
cus992,52,Tuesday,4,1,08-04-2025,Friday,3,4,07-03-2025,2
cus993,42,Sunday,1,6,12-01-2025,Saturday,12,5,14-12-2024,3
cus994,98,Monday,2,0,10-02-2025,Saturday,1,5,04-01-2025,1
cus995,6,Wednesday,1,2,01-01-2025,Monday,12,0,16-12-2024,6
cus996,42,Sunday,5,6,11-05-2025,Thursday,5,3,01-05-2025,2
cus997,67,Wednesday,2,2,12-02-2025,Saturday,1,5,04-01-2025,10
cus998,31,Thursday,1,3,09-01-2025,Wednesday,11,2,27-11-2024,9
cus999,86,Saturday,5,5,03-05-2025,Friday,3,4,14-03-2025,10
cus1000,17,Friday,1,4,24-01-2025,Thursday,11,3,28-11-2024,8
